[{"model": "contenttypes.contenttype", "pk": 1, "fields": {"app_label": "admin", "model": "logentry"}}, {"model": "contenttypes.contenttype", "pk": 2, "fields": {"app_label": "auth", "model": "permission"}}, {"model": "contenttypes.contenttype", "pk": 3, "fields": {"app_label": "auth", "model": "group"}}, {"model": "contenttypes.contenttype", "pk": 4, "fields": {"app_label": "auth", "model": "user"}}, {"model": "contenttypes.contenttype", "pk": 5, "fields": {"app_label": "contenttypes", "model": "contenttype"}}, {"model": "contenttypes.contenttype", "pk": 6, "fields": {"app_label": "sessions", "model": "session"}}, {"model": "contenttypes.contenttype", "pk": 7, "fields": {"app_label": "blog", "model": "blog"}}, {"model": "contenttypes.contenttype", "pk": 8, "fields": {"app_label": "blog", "model": "blogtype"}}, {"model": "contenttypes.contenttype", "pk": 9, "fields": {"app_label": "blog", "model": "readnum"}}, {"model": "contenttypes.contenttype", "pk": 10, "fields": {"app_label": "read_statistics", "model": "readnum"}}, {"model": "contenttypes.contenttype", "pk": 11, "fields": {"app_label": "read_statistics", "model": "readdetail"}}, {"model": "contenttypes.contenttype", "pk": 12, "fields": {"app_label": "comment", "model": "comment"}}, {"model": "contenttypes.contenttype", "pk": 13, "fields": {"app_label": "likes", "model": "likecount"}}, {"model": "contenttypes.contenttype", "pk": 14, "fields": {"app_label": "likes", "model": "likerecord"}}, {"model": "contenttypes.contenttype", "pk": 15, "fields": {"app_label": "user", "model": "profile"}}, {"model": "sessions.session", "pk": "f23mimy1t5wjljg5o57l5jk6oiz585l3", "fields": {"session_data": "MzY3YjEzYzk0MGMzMDIxZGYzMjBmZGU2Njk5NzhlMjNmMWNmODkxYjp7Il9hdXRoX3VzZXJfaWQiOiIxIiwiX2F1dGhfdXNlcl9iYWNrZW5kIjoiZGphbmdvLmNvbnRyaWIuYXV0aC5iYWNrZW5kcy5Nb2RlbEJhY2tlbmQiLCJfYXV0aF91c2VyX2hhc2giOiI2OGY2NTNlMTM3MTQ5YzRmNTBkZTY5ZmFlMTM5MDlmMWU3OTA1NWYyIiwiYmluZF9lbWFpbF9jb2RlIjoidzVXbiIsInNlbmRfY29kZV90aW1lIjoxNTk4NjkzMzQ2fQ==", "expire_date": "2020-09-12T09:29:06.837Z"}}, {"model": "sessions.session", "pk": "hpln8y5tbcroi3ra4yyas8e2wrtzvxjp", "fields": {"session_data": "MjU0NGYwYjFmN2U4OGMyM2Q5YjM5MGJjZDFjMzY5M2E4MWE1YzcwNTp7Il9hdXRoX3VzZXJfaWQiOiIxIiwiX2F1dGhfdXNlcl9iYWNrZW5kIjoiZGphbmdvLmNvbnRyaWIuYXV0aC5iYWNrZW5kcy5Nb2RlbEJhY2tlbmQiLCJfYXV0aF91c2VyX2hhc2giOiI2OGY2NTNlMTM3MTQ5YzRmNTBkZTY5ZmFlMTM5MDlmMWU3OTA1NWYyIn0=", "expire_date": "2020-09-09T03:14:38.242Z"}}, {"model": "sessions.session", "pk": "j2ri0i9k7yq21xrmpl2u94j03zca1die", "fields": {"session_data": "MzhmODk2YzJjYjA2ZjljODVjZWI0ZGFkYzdhNTkzYWJlYTgzYzFmODp7Il9hdXRoX3VzZXJfaWQiOiIzIiwiX2F1dGhfdXNlcl9iYWNrZW5kIjoiZGphbmdvLmNvbnRyaWIuYXV0aC5iYWNrZW5kcy5Nb2RlbEJhY2tlbmQiLCJfYXV0aF91c2VyX2hhc2giOiI2MDYwZTI3NWEwODhmN2E1MjUyYjMwMmNjYjQ3ZGYzYmVjYTI0YjM5In0=", "expire_date": "2020-09-12T14:23:56.227Z"}}, {"model": "blog.blogtype", "pk": 1, "fields": {"type_name": "Django"}}, {"model": "blog.blogtype", "pk": 2, "fields": {"type_name": "\u968f\u7b14"}}, {"model": "blog.blogtype", "pk": 3, "fields": {"type_name": "\u611f\u609f"}}, {"model": "blog.blogtype", "pk": 4, "fields": {"type_name": "Python"}}, {"model": "read_statistics.readnum", "pk": 1, "fields": {"read_num": 35, "content_type": 7, "object_id": 35}}, {"model": "read_statistics.readnum", "pk": 2, "fields": {"read_num": 1, "content_type": 7, "object_id": 31}}, {"model": "read_statistics.readnum", "pk": 3, "fields": {"read_num": 1, "content_type": 7, "object_id": 30}}, {"model": "read_statistics.readnum", "pk": 4, "fields": {"read_num": 1, "content_type": 7, "object_id": 29}}, {"model": "read_statistics.readnum", "pk": 5, "fields": {"read_num": 3, "content_type": 7, "object_id": 34}}, {"model": "read_statistics.readnum", "pk": 6, "fields": {"read_num": 2, "content_type": 7, "object_id": 25}}, {"model": "read_statistics.readnum", "pk": 7, "fields": {"read_num": 1, "content_type": 7, "object_id": 28}}, {"model": "read_statistics.readnum", "pk": 8, "fields": {"read_num": 11, "content_type": 7, "object_id": 3}}, {"model": "read_statistics.readnum", "pk": 9, "fields": {"read_num": 3, "content_type": 7, "object_id": 33}}, {"model": "read_statistics.readdetail", "pk": 1, "fields": {"date": "2020-08-27T08:14:00Z", "read_num": 10, "content_type": 7, "object_id": 35}}, {"model": "read_statistics.readdetail", "pk": 2, "fields": {"date": "2020-08-26T16:00:00Z", "read_num": 2, "content_type": 7, "object_id": 34}}, {"model": "read_statistics.readdetail", "pk": 3, "fields": {"date": "2020-08-26T16:00:00Z", "read_num": 6, "content_type": 7, "object_id": 35}}, {"model": "read_statistics.readdetail", "pk": 4, "fields": {"date": "2020-08-24T12:02:00Z", "read_num": 2, "content_type": 7, "object_id": 28}}, {"model": "read_statistics.readdetail", "pk": 5, "fields": {"date": "2020-08-26T12:04:00Z", "read_num": 2, "content_type": 7, "object_id": 25}}, {"model": "read_statistics.readdetail", "pk": 6, "fields": {"date": "2020-08-26T16:00:00Z", "read_num": 1, "content_type": 7, "object_id": 28}}, {"model": "read_statistics.readdetail", "pk": 7, "fields": {"date": "2020-08-25T16:00:00Z", "read_num": 10, "content_type": 7, "object_id": 3}}, {"model": "read_statistics.readdetail", "pk": 8, "fields": {"date": "2020-08-27T16:00:00Z", "read_num": 14, "content_type": 7, "object_id": 35}}, {"model": "read_statistics.readdetail", "pk": 9, "fields": {"date": "2020-08-27T16:00:00Z", "read_num": 1, "content_type": 7, "object_id": 3}}, {"model": "read_statistics.readdetail", "pk": 10, "fields": {"date": "2020-08-27T16:00:00Z", "read_num": 1, "content_type": 7, "object_id": 34}}, {"model": "read_statistics.readdetail", "pk": 11, "fields": {"date": "2020-08-27T16:00:00Z", "read_num": 3, "content_type": 7, "object_id": 33}}, {"model": "read_statistics.readdetail", "pk": 12, "fields": {"date": "2020-08-28T16:00:00Z", "read_num": 5, "content_type": 7, "object_id": 35}}, {"model": "likes.likecount", "pk": 2, "fields": {"content_type": 7, "object_id": 34, "liked_num": 0}}, {"model": "likes.likecount", "pk": 3, "fields": {"content_type": 7, "object_id": 33, "liked_num": 0}}, {"model": "likes.likecount", "pk": 4, "fields": {"content_type": 7, "object_id": 32, "liked_num": 0}}, {"model": "likes.likecount", "pk": 5, "fields": {"content_type": 7, "object_id": 31, "liked_num": 0}}, {"model": "likes.likecount", "pk": 6, "fields": {"content_type": 7, "object_id": 30, "liked_num": 0}}, {"model": "likes.likecount", "pk": 7, "fields": {"content_type": 7, "object_id": 29, "liked_num": 0}}, {"model": "likes.likecount", "pk": 8, "fields": {"content_type": 12, "object_id": 23, "liked_num": 1}}, {"model": "likes.likecount", "pk": 9, "fields": {"content_type": 12, "object_id": 21, "liked_num": 0}}, {"model": "likes.likecount", "pk": 10, "fields": {"content_type": 12, "object_id": 20, "liked_num": 1}}, {"model": "likes.likecount", "pk": 11, "fields": {"content_type": 12, "object_id": 24, "liked_num": 0}}, {"model": "likes.likecount", "pk": 12, "fields": {"content_type": 12, "object_id": 25, "liked_num": 0}}, {"model": "likes.likecount", "pk": 13, "fields": {"content_type": 12, "object_id": 19, "liked_num": 0}}, {"model": "likes.likecount", "pk": 14, "fields": {"content_type": 12, "object_id": 18, "liked_num": 0}}, {"model": "likes.likecount", "pk": 15, "fields": {"content_type": 12, "object_id": 17, "liked_num": 0}}, {"model": "likes.likecount", "pk": 16, "fields": {"content_type": 12, "object_id": 16, "liked_num": 0}}, {"model": "likes.likecount", "pk": 17, "fields": {"content_type": 12, "object_id": 15, "liked_num": 0}}, {"model": "likes.likecount", "pk": 18, "fields": {"content_type": 12, "object_id": 14, "liked_num": 0}}, {"model": "likes.likecount", "pk": 19, "fields": {"content_type": 12, "object_id": 13, "liked_num": 0}}, {"model": "likes.likecount", "pk": 20, "fields": {"content_type": 12, "object_id": 12, "liked_num": 0}}, {"model": "likes.likecount", "pk": 21, "fields": {"content_type": 12, "object_id": 11, "liked_num": 0}}, {"model": "likes.likecount", "pk": 22, "fields": {"content_type": 12, "object_id": 10, "liked_num": 0}}, {"model": "likes.likecount", "pk": 23, "fields": {"content_type": 12, "object_id": 9, "liked_num": 0}}, {"model": "likes.likecount", "pk": 24, "fields": {"content_type": 12, "object_id": 8, "liked_num": 0}}, {"model": "likes.likecount", "pk": 25, "fields": {"content_type": 12, "object_id": 7, "liked_num": 0}}, {"model": "likes.likecount", "pk": 26, "fields": {"content_type": 12, "object_id": 6, "liked_num": 0}}, {"model": "likes.likecount", "pk": 27, "fields": {"content_type": 12, "object_id": 5, "liked_num": 0}}, {"model": "likes.likecount", "pk": 28, "fields": {"content_type": 12, "object_id": 4, "liked_num": 0}}, {"model": "likes.likecount", "pk": 29, "fields": {"content_type": 12, "object_id": 3, "liked_num": 0}}, {"model": "likes.likecount", "pk": 30, "fields": {"content_type": 12, "object_id": 2, "liked_num": 0}}, {"model": "likes.likecount", "pk": 31, "fields": {"content_type": 12, "object_id": 1, "liked_num": 0}}, {"model": "likes.likecount", "pk": 32, "fields": {"content_type": 12, "object_id": 40, "liked_num": 0}}, {"model": "likes.likecount", "pk": 33, "fields": {"content_type": 12, "object_id": 41, "liked_num": 0}}, {"model": "likes.likecount", "pk": 34, "fields": {"content_type": 7, "object_id": 35, "liked_num": 0}}, {"model": "likes.likecount", "pk": 35, "fields": {"content_type": 12, "object_id": 42, "liked_num": 0}}, {"model": "likes.likecount", "pk": 36, "fields": {"content_type": 12, "object_id": 43, "liked_num": 0}}, {"model": "likes.likecount", "pk": 37, "fields": {"content_type": 12, "object_id": 44, "liked_num": 1}}, {"model": "likes.likecount", "pk": 38, "fields": {"content_type": 12, "object_id": 45, "liked_num": 0}}, {"model": "likes.likecount", "pk": 39, "fields": {"content_type": 12, "object_id": 46, "liked_num": 0}}, {"model": "likes.likecount", "pk": 40, "fields": {"content_type": 12, "object_id": 47, "liked_num": 0}}, {"model": "likes.likecount", "pk": 41, "fields": {"content_type": 12, "object_id": 51, "liked_num": 0}}, {"model": "likes.likecount", "pk": 42, "fields": {"content_type": 12, "object_id": 52, "liked_num": 0}}, {"model": "likes.likecount", "pk": 43, "fields": {"content_type": 12, "object_id": 53, "liked_num": 1}}, {"model": "likes.likecount", "pk": 44, "fields": {"content_type": 12, "object_id": 48, "liked_num": 0}}, {"model": "likes.likecount", "pk": 45, "fields": {"content_type": 12, "object_id": 49, "liked_num": 0}}, {"model": "likes.likecount", "pk": 46, "fields": {"content_type": 12, "object_id": 50, "liked_num": 0}}, {"model": "likes.likecount", "pk": 47, "fields": {"content_type": 12, "object_id": 54, "liked_num": 1}}, {"model": "likes.likecount", "pk": 48, "fields": {"content_type": 12, "object_id": 56, "liked_num": 0}}, {"model": "likes.likecount", "pk": 49, "fields": {"content_type": 12, "object_id": 57, "liked_num": 0}}, {"model": "likes.likecount", "pk": 50, "fields": {"content_type": 12, "object_id": 58, "liked_num": 0}}, {"model": "likes.likecount", "pk": 51, "fields": {"content_type": 12, "object_id": 59, "liked_num": 0}}, {"model": "likes.likecount", "pk": 52, "fields": {"content_type": 12, "object_id": 60, "liked_num": 0}}, {"model": "likes.likecount", "pk": 53, "fields": {"content_type": 12, "object_id": 61, "liked_num": 0}}, {"model": "likes.likecount", "pk": 54, "fields": {"content_type": 12, "object_id": 62, "liked_num": 0}}, {"model": "likes.likecount", "pk": 55, "fields": {"content_type": 12, "object_id": 63, "liked_num": 0}}, {"model": "auth.permission", "pk": 1, "fields": {"name": "Can add log entry", "content_type": 1, "codename": "add_logentry"}}, {"model": "auth.permission", "pk": 2, "fields": {"name": "Can change log entry", "content_type": 1, "codename": "change_logentry"}}, {"model": "auth.permission", "pk": 3, "fields": {"name": "Can delete log entry", "content_type": 1, "codename": "delete_logentry"}}, {"model": "auth.permission", "pk": 4, "fields": {"name": "Can add permission", "content_type": 2, "codename": "add_permission"}}, {"model": "auth.permission", "pk": 5, "fields": {"name": "Can change permission", "content_type": 2, "codename": "change_permission"}}, {"model": "auth.permission", "pk": 6, "fields": {"name": "Can delete permission", "content_type": 2, "codename": "delete_permission"}}, {"model": "auth.permission", "pk": 7, "fields": {"name": "Can add group", "content_type": 3, "codename": "add_group"}}, {"model": "auth.permission", "pk": 8, "fields": {"name": "Can change group", "content_type": 3, "codename": "change_group"}}, {"model": "auth.permission", "pk": 9, "fields": {"name": "Can delete group", "content_type": 3, "codename": "delete_group"}}, {"model": "auth.permission", "pk": 10, "fields": {"name": "Can add user", "content_type": 4, "codename": "add_user"}}, {"model": "auth.permission", "pk": 11, "fields": {"name": "Can change user", "content_type": 4, "codename": "change_user"}}, {"model": "auth.permission", "pk": 12, "fields": {"name": "Can delete user", "content_type": 4, "codename": "delete_user"}}, {"model": "auth.permission", "pk": 13, "fields": {"name": "Can add content type", "content_type": 5, "codename": "add_contenttype"}}, {"model": "auth.permission", "pk": 14, "fields": {"name": "Can change content type", "content_type": 5, "codename": "change_contenttype"}}, {"model": "auth.permission", "pk": 15, "fields": {"name": "Can delete content type", "content_type": 5, "codename": "delete_contenttype"}}, {"model": "auth.permission", "pk": 16, "fields": {"name": "Can add session", "content_type": 6, "codename": "add_session"}}, {"model": "auth.permission", "pk": 17, "fields": {"name": "Can change session", "content_type": 6, "codename": "change_session"}}, {"model": "auth.permission", "pk": 18, "fields": {"name": "Can delete session", "content_type": 6, "codename": "delete_session"}}, {"model": "auth.permission", "pk": 19, "fields": {"name": "Can add blog", "content_type": 7, "codename": "add_blog"}}, {"model": "auth.permission", "pk": 20, "fields": {"name": "Can change blog", "content_type": 7, "codename": "change_blog"}}, {"model": "auth.permission", "pk": 21, "fields": {"name": "Can delete blog", "content_type": 7, "codename": "delete_blog"}}, {"model": "auth.permission", "pk": 22, "fields": {"name": "Can add blog type", "content_type": 8, "codename": "add_blogtype"}}, {"model": "auth.permission", "pk": 23, "fields": {"name": "Can change blog type", "content_type": 8, "codename": "change_blogtype"}}, {"model": "auth.permission", "pk": 24, "fields": {"name": "Can delete blog type", "content_type": 8, "codename": "delete_blogtype"}}, {"model": "auth.permission", "pk": 25, "fields": {"name": "Can view log entry", "content_type": 1, "codename": "view_logentry"}}, {"model": "auth.permission", "pk": 26, "fields": {"name": "Can view permission", "content_type": 2, "codename": "view_permission"}}, {"model": "auth.permission", "pk": 27, "fields": {"name": "Can view group", "content_type": 3, "codename": "view_group"}}, {"model": "auth.permission", "pk": 28, "fields": {"name": "Can view user", "content_type": 4, "codename": "view_user"}}, {"model": "auth.permission", "pk": 29, "fields": {"name": "Can view content type", "content_type": 5, "codename": "view_contenttype"}}, {"model": "auth.permission", "pk": 30, "fields": {"name": "Can view session", "content_type": 6, "codename": "view_session"}}, {"model": "auth.permission", "pk": 31, "fields": {"name": "Can view blog", "content_type": 7, "codename": "view_blog"}}, {"model": "auth.permission", "pk": 32, "fields": {"name": "Can view blog type", "content_type": 8, "codename": "view_blogtype"}}, {"model": "auth.permission", "pk": 33, "fields": {"name": "Can add read num", "content_type": 9, "codename": "add_readnum"}}, {"model": "auth.permission", "pk": 34, "fields": {"name": "Can change read num", "content_type": 9, "codename": "change_readnum"}}, {"model": "auth.permission", "pk": 35, "fields": {"name": "Can delete read num", "content_type": 9, "codename": "delete_readnum"}}, {"model": "auth.permission", "pk": 36, "fields": {"name": "Can add read num", "content_type": 10, "codename": "add_readnum"}}, {"model": "auth.permission", "pk": 37, "fields": {"name": "Can change read num", "content_type": 10, "codename": "change_readnum"}}, {"model": "auth.permission", "pk": 38, "fields": {"name": "Can delete read num", "content_type": 10, "codename": "delete_readnum"}}, {"model": "auth.permission", "pk": 39, "fields": {"name": "Can add read detail", "content_type": 11, "codename": "add_readdetail"}}, {"model": "auth.permission", "pk": 40, "fields": {"name": "Can change read detail", "content_type": 11, "codename": "change_readdetail"}}, {"model": "auth.permission", "pk": 41, "fields": {"name": "Can delete read detail", "content_type": 11, "codename": "delete_readdetail"}}, {"model": "auth.permission", "pk": 42, "fields": {"name": "Can add comment", "content_type": 12, "codename": "add_comment"}}, {"model": "auth.permission", "pk": 43, "fields": {"name": "Can change comment", "content_type": 12, "codename": "change_comment"}}, {"model": "auth.permission", "pk": 44, "fields": {"name": "Can delete comment", "content_type": 12, "codename": "delete_comment"}}, {"model": "auth.permission", "pk": 45, "fields": {"name": "Can add like count", "content_type": 13, "codename": "add_likecount"}}, {"model": "auth.permission", "pk": 46, "fields": {"name": "Can change like count", "content_type": 13, "codename": "change_likecount"}}, {"model": "auth.permission", "pk": 47, "fields": {"name": "Can delete like count", "content_type": 13, "codename": "delete_likecount"}}, {"model": "auth.permission", "pk": 48, "fields": {"name": "Can add like record", "content_type": 14, "codename": "add_likerecord"}}, {"model": "auth.permission", "pk": 49, "fields": {"name": "Can change like record", "content_type": 14, "codename": "change_likerecord"}}, {"model": "auth.permission", "pk": 50, "fields": {"name": "Can delete like record", "content_type": 14, "codename": "delete_likerecord"}}, {"model": "auth.permission", "pk": 51, "fields": {"name": "Can add profile", "content_type": 15, "codename": "add_profile"}}, {"model": "auth.permission", "pk": 52, "fields": {"name": "Can change profile", "content_type": 15, "codename": "change_profile"}}, {"model": "auth.permission", "pk": 53, "fields": {"name": "Can delete profile", "content_type": 15, "codename": "delete_profile"}}, {"model": "auth.user", "pk": 1, "fields": {"password": "pbkdf2_sha256$100000$1lJWFZjJANJr$DtrIeF+AcSy8vTEkfrWYNnwx8JBTAN0W5AUSt/htMwE=", "last_login": "2020-08-29T14:23:00Z", "is_superuser": true, "username": "oss", "first_name": "", "last_name": "", "email": "1144166030@qq.com", "is_staff": true, "is_active": true, "date_joined": "2020-08-26T03:07:00Z", "groups": [], "user_permissions": []}}, {"model": "auth.user", "pk": 2, "fields": {"password": "pbkdf2_sha256$100000$dUvjd7mwi5BX$pCQ8PeKEQRgr6ki7BSPvyt7Yz/kDRqDSWs9OanntPaw=", "last_login": "2020-08-29T04:07:19.508Z", "is_superuser": false, "username": "oys", "first_name": "", "last_name": "", "email": "1@qq.com", "is_staff": false, "is_active": true, "date_joined": "2020-08-27T17:13:47.771Z", "groups": [], "user_permissions": []}}, {"model": "auth.user", "pk": 3, "fields": {"password": "pbkdf2_sha256$100000$EJyve9hdvKWb$MEH3kZAMRL7QFXTeklbiSIWYLH9p8p/9rf5C5cfnrII=", "last_login": "2020-08-29T14:23:56.221Z", "is_superuser": false, "username": "oss2", "first_name": "", "last_name": "", "email": "1339099389@qq.com", "is_staff": false, "is_active": true, "date_joined": "2020-08-29T12:44:07.952Z", "groups": [], "user_permissions": []}}, {"model": "blog.blog", "pk": 3, "fields": {"title": "\u957f\u5185\u5bb9", "blog_type": 2, "content": "<h1><span style=\"color:#2ecc71\">\u6d4b\u8bd5</span></h1>\r\n\r\n<p>\u5361\u56fa\u5b9a\u6846\u7684\u5feb<strong>\u611f\u6492\u5927\u591a\u6570\u5361</strong><br />\r\n\u56fa\u5b9a\u6846<img alt=\"\" src=\"/media/upload/2020/08/27/w020200211390851902884.png\" style=\"height:475px; width:760px\" /><br />\r\n\u7684\u5feb\u611f\u6492\u5927\u591a\u6570\u5361\u56fa\u5b9a\u6846\u7684\u5feb\u611f\u6492\u5927\u591a<em>\u6570\u5361\u56fa\u5b9a\u6846\u7684\u5feb\u611f\u6492\u5927\u591a\u6570\u5361\u56fa\u5b9a\u6846\u7684\u5feb\u611f\u6492\u5927\u591a\u6570\u5361\u56fa\u5b9a\u6846\u7684\u5feb\u611f\u6492\u5927\u591a\u6570\u5361\u56fa\u5b9a\u6846\u7684\u5feb\u611f\u6492\u5927\u591a\u6570\u5361\u56fa\u5b9a\u6846\u7684\u5feb\u611f\u6492\u5927</em>\u591a\u6570\u5361\u56fa\u5b9a\u6846\u7684\u5feb\u611f\u6492\u5927\u591a\u6570\u5361\u56fa\u5b9a\u6846\u7684\u5feb\u611f\u6492\u5927\u591a\u6570\u5361\u56fa\u5b9a\u6846\u7684\u5feb\u611f\u6492\u5927\u591a\u6570\u5361\u56fa\u5b9a\u6846\u7684\u5feb\u611f\u6492\u5927\u591a\u6570\u5361\u56fa\u5b9a\u6846\u7684\u5feb\u611f\u6492\u5927\u591a\u6570\u5361\u56fa\u5b9a\u6846\u7684\u5feb\u611f\u6492\u5927\u591a\u6570\u5361\u56fa\u5b9a\u6846\u7684\u5feb\u611f\u6492\u5927\u591a\u6570\u5361\u56fa\u5b9a\u6846\u7684\u5feb\u611f\u6492\u5927\u591a\u6570\u5361\u56fa\u5b9a\u6846\u7684\u5feb\u611f\u6492\u5927\u591a\u6570\u5361\u56fa\u5b9a\u6846\u7684\u5feb\u611f\u6492\u5927\u591a\u6570\u5361\u56fa\u5b9a\u6846\u7684\u5feb\u611f\u6492\u5927\u591a\u6570\u5361\u56fa\u5b9a\u6846\u7684\u5feb\u611f\u6492\u5927\u591a\u6570\u5361\u56fa\u5b9a\u6846\u7684\u5feb\u611f\u6492\u5927\u591a\u6570\u5361\u56fa\u5b9a\u6846\u7684\u5feb\u611f\u6492\u5927\u591a\u6570\u5361\u56fa\u5b9a\u6846\u7684\u5feb\u611f\u6492\u5927\u591a\u6570\u5361\u56fa\u5b9a\u6846\u7684\u5feb\u611f\u6492\u5927\u591a\u6570\u5361\u56fa\u5b9a\u6846\u7684\u5feb\u611f\u6492\u5927\u591a\u6570\u5361\u56fa\u5b9a\u6846\u7684\u5feb\u611f\u6492\u5927\u591a\u6570\u5361\u56fa\u5b9a\u6846\u7684\u5feb\u611f\u6492\u5927\u591a\u6570\u5361\u56fa\u5b9a\u6846\u7684\u5feb\u611f\u6492\u5927\u591a\u6570\u5361\u56fa\u5b9a\u6846\u7684\u5feb\u611f\u6492\u5927\u591a\u6570\u5361\u56fa\u5b9a\u6846\u7684\u5feb\u611f\u6492\u5927\u591a\u6570\u5361\u56fa\u5b9a\u6846\u7684\u5feb\u611f\u6492\u5927\u591a\u6570\u5361\u56fa\u5b9a\u6846\u7684\u5feb\u611f\u6492\u5927\u591a\u6570\u5361\u56fa\u5b9a\u6846\u7684\u5feb\u611f\u6492\u5927\u591a\u6570\u5361\u56fa\u5b9a\u6846\u7684\u5feb\u611f\u6492\u5927\u591a\u6570\u5361\u56fa\u5b9a\u6846\u7684\u5feb\u611f\u6492\u5927\u591a\u6570\u5361\u56fa\u5b9a\u6846\u7684\u5feb\u611f\u6492\u5927\u591a\u6570\u5361\u56fa\u5b9a\u6846\u7684\u5feb\u611f\u6492\u5927\u591a\u6570\u5361\u56fa\u5b9a\u6846\u7684\u5feb\u611f\u6492\u5927\u591a\u6570\u5361\u56fa\u5b9a\u6846\u7684\u5feb\u611f\u6492\u5927\u591a\u6570\u5361\u56fa\u5b9a\u6846\u7684\u5feb\u611f\u6492\u5927\u591a\u6570\u5361\u56fa\u5b9a\u6846\u7684\u5feb\u611f\u6492\u5927\u591a\u6570\u5361\u56fa\u5b9a\u6846\u7684\u5feb\u611f\u6492\u5927\u591a\u6570\u5361\u56fa\u5b9a\u6846\u7684\u5feb\u611f\u6492\u5927\u591a\u6570\u5361\u56fa\u5b9a\u6846\u7684\u5feb\u611f\u6492\u5927\u591a\u6570\u5361\u56fa\u5b9a\u6846\u7684\u5feb\u611f\u6492\u5927\u591a\u6570\u5361\u56fa\u5b9a\u6846\u7684\u5feb\u611f\u6492\u5927\u591a\u6570\u5361\u56fa\u5b9a\u6846\u7684\u5feb\u611f\u6492\u5927\u591a\u6570\u5361\u56fa\u5b9a\u6846\u7684\u5feb\u611f\u6492\u5927\u591a\u6570\u5361\u56fa\u5b9a\u6846\u7684\u5feb\u611f\u6492\u5927\u591a\u6570\u5361\u56fa\u5b9a\u6846\u7684\u5feb\u611f\u6492\u5927\u591a\u6570\u5361\u56fa\u5b9a\u6846\u7684\u5feb\u611f\u6492\u5927\u591a\u6570\u5361\u56fa\u5b9a\u6846\u7684\u5feb\u611f\u6492\u5927\u591a\u6570\u5361\u56fa\u5b9a\u6846\u7684\u5feb\u611f\u6492\u5927\u591a\u6570\u5361\u56fa\u5b9a\u6846\u7684\u5feb\u611f\u6492\u5927\u591a\u6570\u5361\u56fa\u5b9a\u6846\u7684\u5feb\u611f\u6492\u5927\u591a\u6570\u5361\u56fa\u5b9a\u6846\u7684\u5feb\u611f\u6492\u5927\u591a\u6570</p>", "author": 1, "created_time": "2020-08-26T04:26:30.023Z", "last_updated_time": "2020-08-27T06:33:56.167Z"}}, {"model": "blog.blog", "pk": 4, "fields": {"title": "django\u7684\u535a\u5ba2", "blog_type": 1, "content": "\u963f\u8428\u5fb7\u6492\u7684", "author": 1, "created_time": "2020-08-26T05:28:25.853Z", "last_updated_time": "2020-08-26T05:28:25.853Z"}}, {"model": "blog.blog", "pk": 5, "fields": {"title": "\u611f\u609f\u7684\u535a\u5ba2", "blog_type": 3, "content": "\u963f\u8428\u5fb7\u6492\u7684", "author": 1, "created_time": "2020-08-26T05:28:39.308Z", "last_updated_time": "2020-08-26T05:28:39.308Z"}}, {"model": "blog.blog", "pk": 6, "fields": {"title": "for 0", "blog_type": 1, "content": "xxx:0", "author": 1, "created_time": "2020-08-26T14:03:54.916Z", "last_updated_time": "2020-08-26T14:03:54.916Z"}}, {"model": "blog.blog", "pk": 7, "fields": {"title": "for 1", "blog_type": 1, "content": "xxx:1", "author": 1, "created_time": "2020-08-26T14:03:54.923Z", "last_updated_time": "2020-08-26T14:03:54.923Z"}}, {"model": "blog.blog", "pk": 8, "fields": {"title": "for 2", "blog_type": 1, "content": "xxx:2", "author": 1, "created_time": "2020-08-26T14:03:54.929Z", "last_updated_time": "2020-08-26T14:03:54.929Z"}}, {"model": "blog.blog", "pk": 9, "fields": {"title": "for 3", "blog_type": 1, "content": "xxx:3", "author": 1, "created_time": "2020-08-26T14:03:54.934Z", "last_updated_time": "2020-08-26T14:03:54.934Z"}}, {"model": "blog.blog", "pk": 10, "fields": {"title": "for 4", "blog_type": 1, "content": "xxx:4", "author": 1, "created_time": "2020-08-26T14:03:54.940Z", "last_updated_time": "2020-08-26T14:03:54.940Z"}}, {"model": "blog.blog", "pk": 11, "fields": {"title": "for 5", "blog_type": 1, "content": "xxx:5", "author": 1, "created_time": "2020-08-26T14:03:54.945Z", "last_updated_time": "2020-08-26T14:03:54.945Z"}}, {"model": "blog.blog", "pk": 12, "fields": {"title": "for 6", "blog_type": 1, "content": "xxx:6", "author": 1, "created_time": "2020-08-26T14:03:54.951Z", "last_updated_time": "2020-08-26T14:03:54.951Z"}}, {"model": "blog.blog", "pk": 13, "fields": {"title": "for 7", "blog_type": 1, "content": "xxx:7", "author": 1, "created_time": "2020-08-26T14:03:54.958Z", "last_updated_time": "2020-08-26T14:03:54.958Z"}}, {"model": "blog.blog", "pk": 14, "fields": {"title": "for 8", "blog_type": 1, "content": "xxx:8", "author": 1, "created_time": "2020-08-26T14:03:54.964Z", "last_updated_time": "2020-08-26T14:03:54.964Z"}}, {"model": "blog.blog", "pk": 15, "fields": {"title": "for 9", "blog_type": 1, "content": "xxx:9", "author": 1, "created_time": "2020-08-26T14:03:54.970Z", "last_updated_time": "2020-08-26T14:03:54.970Z"}}, {"model": "blog.blog", "pk": 16, "fields": {"title": "for 10", "blog_type": 1, "content": "xxx:10", "author": 1, "created_time": "2020-08-26T14:03:54.976Z", "last_updated_time": "2020-08-26T14:03:54.976Z"}}, {"model": "blog.blog", "pk": 17, "fields": {"title": "for 11", "blog_type": 1, "content": "xxx:11", "author": 1, "created_time": "2020-08-26T14:03:54.982Z", "last_updated_time": "2020-08-26T14:03:54.982Z"}}, {"model": "blog.blog", "pk": 18, "fields": {"title": "for 12", "blog_type": 1, "content": "xxx:12", "author": 1, "created_time": "2020-08-26T14:03:54.986Z", "last_updated_time": "2020-08-26T14:03:54.986Z"}}, {"model": "blog.blog", "pk": 19, "fields": {"title": "for 13", "blog_type": 1, "content": "xxx:13", "author": 1, "created_time": "2020-08-26T14:03:54.991Z", "last_updated_time": "2020-08-26T14:03:54.991Z"}}, {"model": "blog.blog", "pk": 20, "fields": {"title": "for 14", "blog_type": 1, "content": "xxx:14", "author": 1, "created_time": "2020-08-26T14:03:54.997Z", "last_updated_time": "2020-08-26T14:03:54.997Z"}}, {"model": "blog.blog", "pk": 21, "fields": {"title": "for 15", "blog_type": 1, "content": "xxx:15", "author": 1, "created_time": "2020-08-26T14:03:55.004Z", "last_updated_time": "2020-08-26T14:03:55.004Z"}}, {"model": "blog.blog", "pk": 22, "fields": {"title": "for 16", "blog_type": 1, "content": "xxx:16", "author": 1, "created_time": "2020-08-26T14:03:55.010Z", "last_updated_time": "2020-08-26T14:03:55.010Z"}}, {"model": "blog.blog", "pk": 23, "fields": {"title": "for 17", "blog_type": 1, "content": "xxx:17", "author": 1, "created_time": "2020-08-26T14:03:55.015Z", "last_updated_time": "2020-08-26T14:03:55.015Z"}}, {"model": "blog.blog", "pk": 24, "fields": {"title": "for 18", "blog_type": 1, "content": "xxx:18", "author": 1, "created_time": "2020-08-26T14:03:55.020Z", "last_updated_time": "2020-08-26T14:03:55.020Z"}}, {"model": "blog.blog", "pk": 25, "fields": {"title": "for 19", "blog_type": 1, "content": "xxx:19", "author": 1, "created_time": "2020-08-26T14:03:55.025Z", "last_updated_time": "2020-08-26T14:03:55.025Z"}}, {"model": "blog.blog", "pk": 26, "fields": {"title": "for 20", "blog_type": 1, "content": "xxx:20", "author": 1, "created_time": "2020-08-26T14:03:55.029Z", "last_updated_time": "2020-08-26T14:03:55.029Z"}}, {"model": "blog.blog", "pk": 27, "fields": {"title": "for 21", "blog_type": 1, "content": "xxx:21", "author": 1, "created_time": "2020-08-26T14:03:55.036Z", "last_updated_time": "2020-08-26T14:03:55.036Z"}}, {"model": "blog.blog", "pk": 28, "fields": {"title": "for 22", "blog_type": 1, "content": "xxx:22", "author": 1, "created_time": "2020-08-26T14:03:55.041Z", "last_updated_time": "2020-08-26T14:03:55.041Z"}}, {"model": "blog.blog", "pk": 29, "fields": {"title": "for 23", "blog_type": 1, "content": "xxx:23", "author": 1, "created_time": "2020-08-26T14:03:55.046Z", "last_updated_time": "2020-08-26T14:03:55.046Z"}}, {"model": "blog.blog", "pk": 30, "fields": {"title": "for 24", "blog_type": 1, "content": "xxx:24", "author": 1, "created_time": "2020-08-26T14:03:55.051Z", "last_updated_time": "2020-08-26T14:03:55.051Z"}}, {"model": "blog.blog", "pk": 31, "fields": {"title": "for 25", "blog_type": 1, "content": "xxx:25", "author": 1, "created_time": "2020-08-26T14:03:55.055Z", "last_updated_time": "2020-08-26T14:03:55.055Z"}}, {"model": "blog.blog", "pk": 32, "fields": {"title": "for 26", "blog_type": 1, "content": "xxx:26", "author": 1, "created_time": "2020-08-26T14:03:55.060Z", "last_updated_time": "2020-08-26T14:03:55.060Z"}}, {"model": "blog.blog", "pk": 33, "fields": {"title": "for 27", "blog_type": 1, "content": "xxx:27", "author": 1, "created_time": "2020-08-26T14:03:55.067Z", "last_updated_time": "2020-08-26T14:03:55.067Z"}}, {"model": "blog.blog", "pk": 34, "fields": {"title": "for 28", "blog_type": 1, "content": "xxx:28", "author": 1, "created_time": "2020-08-26T14:03:55.072Z", "last_updated_time": "2020-08-27T06:55:05.189Z"}}, {"model": "blog.blog", "pk": 35, "fields": {"title": "for 29", "blog_type": 1, "content": "xxx:29", "author": 1, "created_time": "2020-08-26T14:03:55.077Z", "last_updated_time": "2020-08-27T06:52:25.938Z"}}, {"model": "comment.comment", "pk": 1, "fields": {"content_type": 7, "object_id": 35, "text": "123", "comment_time": "2020-08-27T15:04:56.169Z", "user": 1, "root": null, "parent": null, "reply_to": null}}, {"model": "comment.comment", "pk": 2, "fields": {"content_type": 7, "object_id": 35, "text": "123", "comment_time": "2020-08-27T15:04:58.594Z", "user": 1, "root": null, "parent": null, "reply_to": null}}, {"model": "comment.comment", "pk": 3, "fields": {"content_type": 7, "object_id": 35, "text": "123", "comment_time": "2020-08-28T02:14:58.160Z", "user": 2, "root": null, "parent": null, "reply_to": null}}, {"model": "comment.comment", "pk": 4, "fields": {"content_type": 7, "object_id": 35, "text": "444", "comment_time": "2020-08-28T02:32:32.027Z", "user": 2, "root": null, "parent": null, "reply_to": null}}, {"model": "comment.comment", "pk": 5, "fields": {"content_type": 7, "object_id": 35, "text": "<p>11</p>", "comment_time": "2020-08-28T03:20:14.746Z", "user": 2, "root": null, "parent": null, "reply_to": null}}, {"model": "comment.comment", "pk": 6, "fields": {"content_type": 7, "object_id": 35, "text": "<p>11</p>", "comment_time": "2020-08-28T03:21:28.026Z", "user": 2, "root": null, "parent": null, "reply_to": null}}, {"model": "comment.comment", "pk": 7, "fields": {"content_type": 7, "object_id": 35, "text": "<p>444</p>", "comment_time": "2020-08-28T03:25:09.298Z", "user": 2, "root": null, "parent": null, "reply_to": null}}, {"model": "comment.comment", "pk": 8, "fields": {"content_type": 7, "object_id": 35, "text": "<p>hello</p>", "comment_time": "2020-08-28T03:32:24.882Z", "user": 2, "root": null, "parent": null, "reply_to": null}}, {"model": "comment.comment", "pk": 9, "fields": {"content_type": 7, "object_id": 35, "text": "<p>&nbsp;&nbsp;</p>", "comment_time": "2020-08-28T04:01:24.148Z", "user": 2, "root": null, "parent": null, "reply_to": null}}, {"model": "comment.comment", "pk": 10, "fields": {"content_type": 7, "object_id": 35, "text": "<p>&nbsp; OSS</p>", "comment_time": "2020-08-28T04:02:37.532Z", "user": 2, "root": null, "parent": null, "reply_to": null}}, {"model": "comment.comment", "pk": 11, "fields": {"content_type": 7, "object_id": 35, "text": "<p>ASD</p>", "comment_time": "2020-08-28T04:05:40.189Z", "user": 2, "root": null, "parent": null, "reply_to": null}}, {"model": "comment.comment", "pk": 12, "fields": {"content_type": 7, "object_id": 35, "text": "<p>AS</p>", "comment_time": "2020-08-28T04:14:50.663Z", "user": 2, "root": null, "parent": null, "reply_to": null}}, {"model": "comment.comment", "pk": 13, "fields": {"content_type": 7, "object_id": 35, "text": "<p>saas</p>", "comment_time": "2020-08-28T04:15:43.650Z", "user": 2, "root": null, "parent": null, "reply_to": null}}, {"model": "comment.comment", "pk": 14, "fields": {"content_type": 7, "object_id": 35, "text": "<p>as</p>", "comment_time": "2020-08-28T04:16:05.920Z", "user": 2, "root": null, "parent": null, "reply_to": null}}, {"model": "comment.comment", "pk": 15, "fields": {"content_type": 7, "object_id": 35, "text": "<p>as</p>", "comment_time": "2020-08-28T04:16:27.291Z", "user": 2, "root": null, "parent": null, "reply_to": null}}, {"model": "comment.comment", "pk": 16, "fields": {"content_type": 7, "object_id": 35, "text": "<p>aaaa</p>", "comment_time": "2020-08-28T04:16:45.478Z", "user": 2, "root": null, "parent": null, "reply_to": null}}, {"model": "comment.comment", "pk": 17, "fields": {"content_type": 7, "object_id": 35, "text": "<p>haoab</p>", "comment_time": "2020-08-28T05:39:35.068Z", "user": 2, "root": null, "parent": null, "reply_to": null}}, {"model": "comment.comment", "pk": 18, "fields": {"content_type": 7, "object_id": 35, "text": "<p>hhh</p>", "comment_time": "2020-08-28T05:41:34.042Z", "user": 2, "root": null, "parent": null, "reply_to": null}}, {"model": "comment.comment", "pk": 19, "fields": {"content_type": 7, "object_id": 35, "text": "<p>&lt;script&gt;alert(111)&lt;/script&gt;</p>", "comment_time": "2020-08-28T05:41:57.244Z", "user": 2, "root": null, "parent": null, "reply_to": null}}, {"model": "comment.comment", "pk": 20, "fields": {"content_type": 7, "object_id": 35, "text": "<p>&lt;html&gt;&lt;body onclick=&quot;alert(1)&quot;&gt;&lt;/body&gt;&lt;/html&gt;</p>", "comment_time": "2020-08-28T05:50:09.996Z", "user": 2, "root": null, "parent": null, "reply_to": null}}, {"model": "comment.comment", "pk": 21, "fields": {"content_type": 7, "object_id": 35, "text": "\u56de\u590d\u4f60", "comment_time": "2020-08-28T06:03:20.293Z", "user": 2, "root": 23, "parent": 23, "reply_to": 1}}, {"model": "comment.comment", "pk": 22, "fields": {"content_type": 7, "object_id": 35, "text": "123123", "comment_time": "2020-08-28T06:07:15.955Z", "user": 2, "root": null, "parent": 1, "reply_to": null}}, {"model": "comment.comment", "pk": 23, "fields": {"content_type": 7, "object_id": 35, "text": "<p><img alt=\"smiley\" height=\"23\" src=\"http://127.0.0.1:8000/static/ckeditor/ckeditor/plugins/smiley/images/regular_smile.png\" title=\"smiley\" width=\"23\" /></p>", "comment_time": "2020-08-28T06:17:59.984Z", "user": 1, "root": null, "parent": null, "reply_to": null}}, {"model": "comment.comment", "pk": 24, "fields": {"content_type": 7, "object_id": 35, "text": "<p>123</p>", "comment_time": "2020-08-28T07:16:44.768Z", "user": 1, "root": 20, "parent": 20, "reply_to": 2}}, {"model": "comment.comment", "pk": 25, "fields": {"content_type": 7, "object_id": 35, "text": "<p>444</p>", "comment_time": "2020-08-28T07:16:57.543Z", "user": 1, "root": 20, "parent": 24, "reply_to": 1}}, {"model": "comment.comment", "pk": 26, "fields": {"content_type": 7, "object_id": 34, "text": "<p>\u8bd5\u8bd5</p>", "comment_time": "2020-08-28T12:33:34.418Z", "user": 1, "root": null, "parent": null, "reply_to": null}}, {"model": "comment.comment", "pk": 27, "fields": {"content_type": 7, "object_id": 34, "text": "<p>\u7b2c\u4e8c\u6761</p>", "comment_time": "2020-08-28T12:40:00.113Z", "user": 1, "root": null, "parent": null, "reply_to": null}}, {"model": "comment.comment", "pk": 28, "fields": {"content_type": 7, "object_id": 34, "text": "<p>hello</p>", "comment_time": "2020-08-28T12:40:05.484Z", "user": 1, "root": 27, "parent": 27, "reply_to": 1}}, {"model": "comment.comment", "pk": 29, "fields": {"content_type": 7, "object_id": 34, "text": "<p>ajax</p>", "comment_time": "2020-08-28T12:44:57.495Z", "user": 1, "root": null, "parent": null, "reply_to": null}}, {"model": "comment.comment", "pk": 30, "fields": {"content_type": 7, "object_id": 34, "text": "<p>111</p>", "comment_time": "2020-08-28T12:55:06.883Z", "user": 1, "root": 29, "parent": 29, "reply_to": 1}}, {"model": "comment.comment", "pk": 31, "fields": {"content_type": 7, "object_id": 34, "text": "<p>\u554a\u554a\u554a\u554a</p>", "comment_time": "2020-08-28T12:55:18.377Z", "user": 1, "root": null, "parent": null, "reply_to": null}}, {"model": "comment.comment", "pk": 32, "fields": {"content_type": 7, "object_id": 34, "text": "<p>\u554a\u554a\u554a111</p>", "comment_time": "2020-08-28T13:02:21.408Z", "user": 1, "root": null, "parent": null, "reply_to": null}}, {"model": "comment.comment", "pk": 33, "fields": {"content_type": 7, "object_id": 34, "text": "<p>111</p>", "comment_time": "2020-08-28T13:05:33.241Z", "user": 1, "root": null, "parent": null, "reply_to": null}}, {"model": "comment.comment", "pk": 34, "fields": {"content_type": 7, "object_id": 34, "text": "<p>222</p>", "comment_time": "2020-08-28T13:05:42.078Z", "user": 1, "root": null, "parent": null, "reply_to": null}}, {"model": "comment.comment", "pk": 35, "fields": {"content_type": 7, "object_id": 34, "text": "<p>333</p>", "comment_time": "2020-08-28T13:05:51.266Z", "user": 1, "root": null, "parent": null, "reply_to": null}}, {"model": "comment.comment", "pk": 36, "fields": {"content_type": 7, "object_id": 34, "text": "<p>111</p>", "comment_time": "2020-08-28T13:08:58.045Z", "user": 1, "root": null, "parent": null, "reply_to": null}}, {"model": "comment.comment", "pk": 37, "fields": {"content_type": 7, "object_id": 34, "text": "<p>222</p>", "comment_time": "2020-08-28T13:09:48.028Z", "user": 1, "root": null, "parent": null, "reply_to": null}}, {"model": "comment.comment", "pk": 38, "fields": {"content_type": 7, "object_id": 34, "text": "<p>111</p>", "comment_time": "2020-08-28T13:10:14.387Z", "user": 1, "root": null, "parent": null, "reply_to": null}}, {"model": "comment.comment", "pk": 39, "fields": {"content_type": 7, "object_id": 34, "text": "<p>\u64e6\u64e6\u64e6</p>", "comment_time": "2020-08-28T13:10:23.821Z", "user": 1, "root": null, "parent": null, "reply_to": null}}, {"model": "comment.comment", "pk": 40, "fields": {"content_type": 7, "object_id": 35, "text": "<p>ass</p>", "comment_time": "2020-08-28T14:29:55.784Z", "user": 1, "root": null, "parent": null, "reply_to": null}}, {"model": "comment.comment", "pk": 41, "fields": {"content_type": 7, "object_id": 35, "text": "<p>ddd</p>", "comment_time": "2020-08-28T14:30:03.425Z", "user": 1, "root": 40, "parent": 40, "reply_to": 1}}, {"model": "comment.comment", "pk": 42, "fields": {"content_type": 7, "object_id": 35, "text": "<p>asas</p>", "comment_time": "2020-08-28T14:38:17.184Z", "user": 1, "root": 40, "parent": 40, "reply_to": 1}}, {"model": "comment.comment", "pk": 43, "fields": {"content_type": 7, "object_id": 35, "text": "<p>asas</p>", "comment_time": "2020-08-28T14:38:29.903Z", "user": 1, "root": 40, "parent": 40, "reply_to": 1}}, {"model": "comment.comment", "pk": 44, "fields": {"content_type": 7, "object_id": 33, "text": "<p>asa</p>", "comment_time": "2020-08-28T14:38:42.807Z", "user": 1, "root": null, "parent": null, "reply_to": null}}, {"model": "comment.comment", "pk": 45, "fields": {"content_type": 7, "object_id": 33, "text": "<p>asdds</p>", "comment_time": "2020-08-28T14:38:47.211Z", "user": 1, "root": 44, "parent": 44, "reply_to": 1}}, {"model": "comment.comment", "pk": 46, "fields": {"content_type": 7, "object_id": 33, "text": "<p>fff</p>", "comment_time": "2020-08-28T14:38:56.490Z", "user": 1, "root": 44, "parent": 44, "reply_to": 1}}, {"model": "comment.comment", "pk": 47, "fields": {"content_type": 7, "object_id": 33, "text": "<p>asda</p>", "comment_time": "2020-08-28T14:41:14.588Z", "user": 1, "root": null, "parent": null, "reply_to": null}}, {"model": "comment.comment", "pk": 48, "fields": {"content_type": 7, "object_id": 33, "text": "<p>aaa</p>", "comment_time": "2020-08-28T14:55:58.709Z", "user": 1, "root": 47, "parent": 47, "reply_to": 1}}, {"model": "comment.comment", "pk": 49, "fields": {"content_type": 7, "object_id": 33, "text": "<p>asdsd</p>", "comment_time": "2020-08-28T14:56:03.251Z", "user": 1, "root": 47, "parent": 47, "reply_to": 1}}, {"model": "comment.comment", "pk": 50, "fields": {"content_type": 7, "object_id": 33, "text": "<p>asd</p>", "comment_time": "2020-08-28T14:56:07.583Z", "user": 1, "root": 47, "parent": 48, "reply_to": 1}}, {"model": "comment.comment", "pk": 51, "fields": {"content_type": 7, "object_id": 35, "text": "<p>asd</p>", "comment_time": "2020-08-28T15:30:07.888Z", "user": 1, "root": null, "parent": null, "reply_to": null}}, {"model": "comment.comment", "pk": 52, "fields": {"content_type": 7, "object_id": 35, "text": "<p>asd</p>", "comment_time": "2020-08-28T15:30:12.642Z", "user": 1, "root": 51, "parent": 51, "reply_to": 1}}, {"model": "comment.comment", "pk": 53, "fields": {"content_type": 7, "object_id": 35, "text": "asd", "comment_time": "2020-08-28T16:32:29.679Z", "user": 1, "root": null, "parent": null, "reply_to": null}}, {"model": "comment.comment", "pk": 54, "fields": {"content_type": 7, "object_id": 33, "text": "<p>asd</p>", "comment_time": "2020-08-28T16:39:32.314Z", "user": 1, "root": null, "parent": null, "reply_to": null}}, {"model": "comment.comment", "pk": 55, "fields": {"content_type": 7, "object_id": 33, "text": "<p>asd</p>", "comment_time": "2020-08-28T16:39:36.112Z", "user": 1, "root": 54, "parent": 54, "reply_to": 1}}, {"model": "comment.comment", "pk": 56, "fields": {"content_type": 7, "object_id": 35, "text": "<p>\u8fd8\u884c\uff08\u8bc4\u8bba\u901a\u77e5\u6d4b\u8bd5\uff09</p>", "comment_time": "2020-08-29T14:01:37.404Z", "user": 3, "root": null, "parent": null, "reply_to": null}}, {"model": "comment.comment", "pk": 57, "fields": {"content_type": 7, "object_id": 35, "text": "<p>111</p>", "comment_time": "2020-08-29T14:03:45.863Z", "user": 3, "root": null, "parent": null, "reply_to": null}}, {"model": "comment.comment", "pk": 58, "fields": {"content_type": 7, "object_id": 35, "text": "<p>222</p>", "comment_time": "2020-08-29T14:06:02.737Z", "user": 3, "root": null, "parent": null, "reply_to": null}}, {"model": "comment.comment", "pk": 59, "fields": {"content_type": 7, "object_id": 35, "text": "<p>html\u90ae\u4ef6\u6d4b\u8bd5</p>", "comment_time": "2020-08-29T14:22:35.901Z", "user": 3, "root": null, "parent": null, "reply_to": null}}, {"model": "comment.comment", "pk": 60, "fields": {"content_type": 7, "object_id": 35, "text": "<p>\u827e\u65af\u5fb7\u65af</p>", "comment_time": "2020-08-29T14:24:01.738Z", "user": 3, "root": null, "parent": null, "reply_to": null}}, {"model": "comment.comment", "pk": 61, "fields": {"content_type": 7, "object_id": 35, "text": "<p>asdd&nbsp;</p>", "comment_time": "2020-08-29T14:26:07.928Z", "user": 3, "root": null, "parent": null, "reply_to": null}}, {"model": "comment.comment", "pk": 62, "fields": {"content_type": 7, "object_id": 35, "text": "<p>asdsd</p>", "comment_time": "2020-08-29T14:26:31.834Z", "user": 3, "root": 53, "parent": 53, "reply_to": 1}}, {"model": "comment.comment", "pk": 63, "fields": {"content_type": 7, "object_id": 35, "text": "<p>asdasdds</p>", "comment_time": "2020-08-29T14:38:17.918Z", "user": 3, "root": null, "parent": null, "reply_to": null}}, {"model": "comment.comment", "pk": 64, "fields": {"content_type": 7, "object_id": 35, "text": "<p>asdasd</p>", "comment_time": "2020-08-29T14:40:40.152Z", "user": 3, "root": null, "parent": null, "reply_to": null}}, {"model": "comment.comment", "pk": 65, "fields": {"content_type": 7, "object_id": 35, "text": "<p><img alt=\"broken heart\" height=\"23\" src=\"http://127.0.0.1:8000/static/ckeditor/ckeditor/plugins/smiley/images/broken_heart.png\" title=\"broken heart\" width=\"23\" />asdasd<span style=\"color:#2ecc71\">asdasd</span></p>", "comment_time": "2020-08-29T14:41:02.626Z", "user": 3, "root": null, "parent": null, "reply_to": null}}, {"model": "likes.likerecord", "pk": 3, "fields": {"content_type": 12, "object_id": 23, "user": 1, "liked_time": "2020-08-28T14:29:25.183Z"}}, {"model": "likes.likerecord", "pk": 7, "fields": {"content_type": 12, "object_id": 20, "user": 1, "liked_time": "2020-08-28T14:29:35.239Z"}}, {"model": "likes.likerecord", "pk": 11, "fields": {"content_type": 12, "object_id": 44, "user": 1, "liked_time": "2020-08-28T14:41:10.525Z"}}, {"model": "likes.likerecord", "pk": 17, "fields": {"content_type": 12, "object_id": 54, "user": 1, "liked_time": "2020-08-28T16:39:33.815Z"}}, {"model": "likes.likerecord", "pk": 18, "fields": {"content_type": 12, "object_id": 53, "user": 1, "liked_time": "2020-08-29T03:06:12.471Z"}}, {"model": "user.profile", "pk": 1, "fields": {"user": 1, "nickname": "\u6b27\u884d\u751f"}}, {"model": "admin.logentry", "pk": 1, "fields": {"action_time": "2020-08-26T03:25:37.529Z", "user": 1, "content_type": 8, "object_id": "1", "object_repr": "BlogType object (1)", "action_flag": 1, "change_message": "[{\"added\": {}}]"}}, {"model": "admin.logentry", "pk": 2, "fields": {"action_time": "2020-08-26T03:26:01.649Z", "user": 1, "content_type": 8, "object_id": "2", "object_repr": "BlogType object (2)", "action_flag": 1, "change_message": "[{\"added\": {}}]"}}, {"model": "admin.logentry", "pk": 3, "fields": {"action_time": "2020-08-26T03:26:04.632Z", "user": 1, "content_type": 8, "object_id": "3", "object_repr": "BlogType object (3)", "action_flag": 1, "change_message": "[{\"added\": {}}]"}}, {"model": "admin.logentry", "pk": 4, "fields": {"action_time": "2020-08-26T03:28:20.559Z", "user": 1, "content_type": 7, "object_id": "1", "object_repr": "<Blog: \u7b2c\u4e00\u7bc7\u535a\u5ba2>", "action_flag": 1, "change_message": "[{\"added\": {}}]"}}, {"model": "admin.logentry", "pk": 5, "fields": {"action_time": "2020-08-26T03:31:06.873Z", "user": 1, "content_type": 8, "object_id": "4", "object_repr": "Python", "action_flag": 1, "change_message": "[{\"added\": {}}]"}}, {"model": "admin.logentry", "pk": 6, "fields": {"action_time": "2020-08-26T04:21:16.958Z", "user": 1, "content_type": 7, "object_id": "2", "object_repr": "<Blog: \u7b2c\u4e8c\u6761\u535a\u5ba2>", "action_flag": 1, "change_message": "[{\"added\": {}}]"}}, {"model": "admin.logentry", "pk": 7, "fields": {"action_time": "2020-08-26T04:25:21.694Z", "user": 1, "content_type": 7, "object_id": "2", "object_repr": "<Blog: \u7b2c\u4e8c\u6761\u535a\u5ba2>", "action_flag": 3, "change_message": ""}}, {"model": "admin.logentry", "pk": 8, "fields": {"action_time": "2020-08-26T04:25:21.702Z", "user": 1, "content_type": 7, "object_id": "1", "object_repr": "<Blog: \u7b2c\u4e00\u7bc7\u535a\u5ba2>", "action_flag": 3, "change_message": ""}}, {"model": "admin.logentry", "pk": 9, "fields": {"action_time": "2020-08-26T04:26:30.026Z", "user": 1, "content_type": 7, "object_id": "3", "object_repr": "<Blog: \u957f\u5185\u5bb9>", "action_flag": 1, "change_message": "[{\"added\": {}}]"}}, {"model": "admin.logentry", "pk": 10, "fields": {"action_time": "2020-08-26T05:28:25.855Z", "user": 1, "content_type": 7, "object_id": "4", "object_repr": "<Blog: django\u7684\u535a\u5ba2>", "action_flag": 1, "change_message": "[{\"added\": {}}]"}}, {"model": "admin.logentry", "pk": 11, "fields": {"action_time": "2020-08-26T05:28:39.309Z", "user": 1, "content_type": 7, "object_id": "5", "object_repr": "<Blog: \u611f\u609f\u7684\u535a\u5ba2>", "action_flag": 1, "change_message": "[{\"added\": {}}]"}}, {"model": "admin.logentry", "pk": 12, "fields": {"action_time": "2020-08-27T06:10:17.780Z", "user": 1, "content_type": 7, "object_id": "3", "object_repr": "<Blog: \u957f\u5185\u5bb9>", "action_flag": 2, "change_message": "[{\"changed\": {\"fields\": [\"content\"]}}]"}}, {"model": "admin.logentry", "pk": 13, "fields": {"action_time": "2020-08-27T06:19:09.565Z", "user": 1, "content_type": 7, "object_id": "3", "object_repr": "<Blog: \u957f\u5185\u5bb9>", "action_flag": 2, "change_message": "[{\"changed\": {\"fields\": [\"content\"]}}]"}}, {"model": "admin.logentry", "pk": 14, "fields": {"action_time": "2020-08-27T06:33:56.170Z", "user": 1, "content_type": 7, "object_id": "3", "object_repr": "<Blog: \u957f\u5185\u5bb9>", "action_flag": 2, "change_message": "[{\"changed\": {\"fields\": [\"content\"]}}]"}}, {"model": "admin.logentry", "pk": 15, "fields": {"action_time": "2020-08-27T07:04:33.816Z", "user": 1, "content_type": 9, "object_id": "1", "object_repr": "ReadNum object (1)", "action_flag": 1, "change_message": "[{\"added\": {}}]"}}, {"model": "admin.logentry", "pk": 16, "fields": {"action_time": "2020-08-27T07:37:11.144Z", "user": 1, "content_type": 10, "object_id": "1", "object_repr": "ReadNum object (1)", "action_flag": 1, "change_message": "[{\"added\": {}}]"}}, {"model": "admin.logentry", "pk": 17, "fields": {"action_time": "2020-08-27T08:15:09.461Z", "user": 1, "content_type": 11, "object_id": "1", "object_repr": "ReadDetail object (1)", "action_flag": 1, "change_message": "[{\"added\": {}}]"}}, {"model": "admin.logentry", "pk": 18, "fields": {"action_time": "2020-08-27T12:02:59.394Z", "user": 1, "content_type": 11, "object_id": "4", "object_repr": "ReadDetail object (4)", "action_flag": 1, "change_message": "[{\"added\": {}}]"}}, {"model": "admin.logentry", "pk": 19, "fields": {"action_time": "2020-08-27T12:03:23.917Z", "user": 1, "content_type": 10, "object_id": "5", "object_repr": "ReadNum object (5)", "action_flag": 2, "change_message": "[{\"changed\": {\"fields\": [\"read_num\"]}}]"}}, {"model": "admin.logentry", "pk": 20, "fields": {"action_time": "2020-08-27T12:03:58.094Z", "user": 1, "content_type": 10, "object_id": "5", "object_repr": "ReadNum object (5)", "action_flag": 2, "change_message": "[{\"changed\": {\"fields\": [\"read_num\"]}}]"}}, {"model": "admin.logentry", "pk": 21, "fields": {"action_time": "2020-08-27T12:05:13.309Z", "user": 1, "content_type": 11, "object_id": "5", "object_repr": "ReadDetail object (5)", "action_flag": 1, "change_message": "[{\"added\": {}}]"}}, {"model": "admin.logentry", "pk": 22, "fields": {"action_time": "2020-08-27T12:06:18.206Z", "user": 1, "content_type": 10, "object_id": "6", "object_repr": "ReadNum object (6)", "action_flag": 1, "change_message": "[{\"added\": {}}]"}}, {"model": "admin.logentry", "pk": 23, "fields": {"action_time": "2020-08-27T12:12:37.041Z", "user": 1, "content_type": 11, "object_id": "7", "object_repr": "ReadDetail object (7)", "action_flag": 1, "change_message": "[{\"added\": {}}]"}}, {"model": "admin.logentry", "pk": 24, "fields": {"action_time": "2020-08-27T12:13:12.667Z", "user": 1, "content_type": 10, "object_id": "8", "object_repr": "ReadNum object (8)", "action_flag": 1, "change_message": "[{\"added\": {}}]"}}, {"model": "admin.logentry", "pk": 25, "fields": {"action_time": "2020-08-27T12:13:50.139Z", "user": 1, "content_type": 11, "object_id": "7", "object_repr": "ReadDetail object (7)", "action_flag": 2, "change_message": "[{\"changed\": {\"fields\": [\"date\"]}}]"}}, {"model": "admin.logentry", "pk": 26, "fields": {"action_time": "2020-08-28T06:03:20.295Z", "user": 1, "content_type": 12, "object_id": "21", "object_repr": "Comment object (21)", "action_flag": 1, "change_message": "[{\"added\": {}}]"}}, {"model": "admin.logentry", "pk": 27, "fields": {"action_time": "2020-08-28T06:07:15.959Z", "user": 1, "content_type": 12, "object_id": "22", "object_repr": "123123", "action_flag": 1, "change_message": "[{\"added\": {}}]"}}, {"model": "admin.logentry", "pk": 28, "fields": {"action_time": "2020-08-28T06:21:40.081Z", "user": 1, "content_type": 12, "object_id": "21", "object_repr": "\u56de\u590d\u4f60", "action_flag": 2, "change_message": "[{\"changed\": {\"fields\": [\"root\", \"parent\", \"reply_to\"]}}]"}}, {"model": "admin.logentry", "pk": 29, "fields": {"action_time": "2020-08-28T14:38:04.656Z", "user": 1, "content_type": 13, "object_id": "1", "object_repr": "LikeCount object (1)", "action_flag": 3, "change_message": ""}}, {"model": "admin.logentry", "pk": 30, "fields": {"action_time": "2020-08-29T03:50:23.307Z", "user": 1, "content_type": 15, "object_id": "1", "object_repr": "<Profile: \u6b27\u884d\u751f for oss>", "action_flag": 1, "change_message": "[{\"added\": {}}]"}}, {"model": "admin.logentry", "pk": 31, "fields": {"action_time": "2020-08-29T09:10:47.210Z", "user": 1, "content_type": 4, "object_id": "1", "object_repr": "oss", "action_flag": 2, "change_message": "[{\"changed\": {\"fields\": [\"email\", \"last_login\"]}}]"}}, {"model": "admin.logentry", "pk": 32, "fields": {"action_time": "2020-08-29T09:28:57.847Z", "user": 1, "content_type": 4, "object_id": "1", "object_repr": "oss", "action_flag": 2, "change_message": "[{\"changed\": {\"fields\": [\"email\"]}}]"}}, {"model": "admin.logentry", "pk": 33, "fields": {"action_time": "2020-08-29T09:39:33.774Z", "user": 1, "content_type": 4, "object_id": "1", "object_repr": "oss", "action_flag": 2, "change_message": "[{\"changed\": {\"fields\": [\"email\"]}}]"}}, {"model": "admin.logentry", "pk": 34, "fields": {"action_time": "2020-08-29T09:48:34.146Z", "user": 1, "content_type": 4, "object_id": "1", "object_repr": "oss", "action_flag": 2, "change_message": "[{\"changed\": {\"fields\": [\"email\"]}}]"}}, {"model": "admin.logentry", "pk": 35, "fields": {"action_time": "2020-08-29T09:52:00.485Z", "user": 1, "content_type": 4, "object_id": "1", "object_repr": "oss", "action_flag": 2, "change_message": "[{\"changed\": {\"fields\": [\"email\", \"last_login\"]}}]"}}, {"model": "admin.logentry", "pk": 36, "fields": {"action_time": "2020-08-29T12:43:17.999Z", "user": 1, "content_type": 4, "object_id": "1", "object_repr": "oss", "action_flag": 2, "change_message": "[{\"changed\": {\"fields\": [\"email\", \"last_login\"]}}]"}}, {"model": "admin.logentry", "pk": 37, "fields": {"action_time": "2020-08-29T14:23:47.842Z", "user": 1, "content_type": 4, "object_id": "1", "object_repr": "oss", "action_flag": 2, "change_message": "[{\"changed\": {\"fields\": [\"email\", \"last_login\"]}}]"}}]